bleu,google_bleu,meteor,rougeL,cider,tgt_language,src_language
0.0,6.188359518934612e-06,7.618232011238515e-05,4.669604036832969e-05,3.513544e-29,Burmese,Darija
0.0,1.4203133211186388e-05,2.490693596631879e-05,4.71289655658169e-05,3e-06,Malay,Darija
0.0,0.00019003162321114462,0.00044703071981605,0.0010938640871905058,3e-06,Korean,Darija
0.0,2.238663965345482e-05,6.217661044453167e-05,9.239190525740233e-05,2.1e-05,Setswana,Darija
0.0,1.456293006152838e-05,7.763647362383432e-05,5.929460349349852e-05,1.9e-05,IsiZulu,Darija
0.0,0.00010968732659724104,0.0005151190624038185,0.00047501939551278206,0.000126,Vietnamese,Darija
0.0,1.856550529116901e-05,0.0004973805082184114,6.886886448490687e-05,0.000106,Hindi,Darija
0.0,1.0332428671800736e-05,0.0004680219937626765,4.921055336720478e-05,1.210135e-19,Thai,Darija
0.0,3.86902075084796e-05,0.0001662805832630523,0.0001714561892143284,2.7e-05,Swahili,Darija
0.0,6.526392732209054e-05,0.0001847850751177531,0.0002633053896386253,1.7e-05,Kinyarwanda,Darija
0.0,0.006532890766445383,0.015306938586699712,0.022742533237119097,0.008104,Urdu,Darija
0.0,7.048408469367617e-06,1.8474180485353672e-05,4.232266802099205e-05,6e-06,Uzbek,Darija
0.0,5.8799317927912035e-05,0.00014472684697671063,0.0002055208258160075,3.6e-05,Hausa,Darija
0.0,0.0001036030850696443,0.0001891206724118347,0.0005556378895928597,4.668651e-10,Kazakh,Darija
0.0,9.449562957713205e-06,3.054863698390816e-05,4.570228805563914e-05,3.547481e-07,Turkish,Darija
0.03676617270107872,0.061134389816009625,0.1291068636865408,0.1545664391941405,0.147262,Darija,Darija
0.0,4.913377160657606e-05,0.00010747646669969632,0.0002088473060874023,4.8e-05,Tagalog,Darija
0.0,5.1374058471582244e-05,9.65319140087925e-05,0.00024912038201767165,5.412077e-07,Kyrgyz,Darija
0.0,0.0,0.0,0.0,0.0,IsiNdebele,Darija
0.0,5.832944470368642e-05,0.00011542512504050898,0.00024082674050046062,4.3e-05,Igbo,Darija
0.0,2.1227816931306783e-05,4.610419548178884e-05,0.00010120433154539014,5.7e-05,Emakhuwa,Darija
0.0,1.5533256702600266e-05,2.9048150213794386e-05,7.303534910896875e-05,5.363826e-07,IsiXhosa,Darija
0.0,4.37024735600035e-05,0.00011586313952896238,0.00016041714359674207,3.5e-05,Tamil,Darija
0.0,1.7277125086385627e-05,4.155319573810363e-05,6.555084560590833e-05,1.8e-05,Yoruba,Darija
0.0,1.6989466530750934e-05,3.9867203956743946e-05,6.54780536728397e-05,4.942132e-08,Indonesian,Darija
0.4728075923419612,0.37280519026724096,0.39070959346368606,0.4760051710757475,0.093378,Burmese,Burmese
0.0,4.963620295153812e-05,0.0007446308524743503,0.0008327841310770448,8.7e-05,Malay,Burmese
0.004200742139530091,0.020732806521558136,0.059704595750708675,0.0772757085465941,0.004888,Korean,Burmese
0.0,0.0006747835069581843,0.003945590148778861,0.006821735881053902,0.000631,Setswana,Burmese
0.0,0.0003679548035171927,0.002914102172946467,0.004192740895208753,0.000197,IsiZulu,Burmese
0.0,0.002107183848847818,0.04093345247663688,0.018482176172743957,0.004332,Vietnamese,Burmese
0.0,0.0005615475211297625,0.005927693204211009,0.004772683797444257,0.000338,Hindi,Burmese
0.0,0.0074059940184062695,0.03262867246920942,0.03086076340719844,0.000601,Thai,Burmese
0.0,0.0007271921073051768,0.006123460548629652,0.008218241626149168,0.000833,Swahili,Burmese
0.0,0.001136506055668858,0.00600380390634319,0.009355945638843604,0.001229,Kinyarwanda,Burmese
0.0,0.001627918691070946,0.013402165864243885,0.01047302426112406,0.00057,Urdu,Burmese
0.0,0.00037015945330296125,0.005674423191543865,0.0038608883558125355,0.000214,Uzbek,Burmese
0.0,0.0004821207556583227,0.0038080625437529997,0.0035967686506738795,9.2e-05,Hausa,Burmese
0.0,0.002912504149941146,0.01883423278635709,0.015143160130940459,2.8e-05,Kazakh,Burmese
0.0,0.0008105493859659863,0.006053837203848828,0.007676865029643012,0.000469,Turkish,Burmese
0.0,0.00012988760809622325,0.0010206016066920346,0.000924167425105214,2e-05,Darija,Burmese
0.0,0.0015428202294719652,0.01046182505186098,0.019276591921372835,0.002232,Tagalog,Burmese
0.0,0.0002039256398701721,0.010103426535290193,0.0013952794050598486,3.5e-05,Kyrgyz,Burmese
0.0,8.41192249815405e-05,0.0007361072186295562,0.0007785867836424267,0.000233,IsiNdebele,Burmese
0.0,0.001483952200706979,0.018522472326382263,0.014495232140236847,0.000945,Igbo,Burmese
0.0,0.00014423959508011854,0.0016441423798118967,0.0020219059468570863,0.00025,Emakhuwa,Burmese
0.0,0.0007369705902673822,0.0031561047810667576,0.005227820022600046,0.000172,IsiXhosa,Burmese
0.0,0.00035170023218176344,0.0032707752524415165,0.004243434797797379,0.001122,Tamil,Burmese
0.0,0.000805346432448787,0.012731024868879677,0.006735651600712258,0.000592,Yoruba,Burmese
0.0,0.0003374722491828151,0.002612133981738977,0.00433860478360142,0.000322,Indonesian,Burmese
0.0,7.958629276436798e-06,0.0015229783872006196,5.4438483120808044e-05,5.802179e-27,Burmese,Igbo
0.0,0.0019207922990662507,0.0073114945748246505,0.010236742252129748,0.001042,Malay,Igbo
0.0,0.0004316148494274066,0.002692892355450417,0.002466727734865121,3.928383e-07,Korean,Igbo
0.0,0.01356763172833772,0.03305514122624166,0.053405046575564,0.0068,Setswana,Igbo
0.0,0.010162328713878857,0.027578727350281294,0.03878602940645094,0.009662,IsiZulu,Igbo
0.0009438727534340091,0.008776615414958049,0.0669207868732733,0.045819068157696326,0.01183,Vietnamese,Igbo
0.0005088942261878062,0.004350558110714504,0.01238247441856807,0.018287926890573222,0.003567,Hindi,Igbo
0.0,3.343050466689845e-06,0.000877986614391008,1.8732906223071444e-05,3.116275e-11,Thai,Igbo
0.0,0.014999164212881408,0.03617990393235127,0.05811421698338508,0.0117,Swahili,Igbo
0.0012607051677644176,0.011822809356441644,0.027686611979740747,0.043084824062918727,0.014544,Kinyarwanda,Igbo
0.0,0.01878540900506908,0.046313142447959386,0.06769071991290596,0.036073,Urdu,Igbo
0.0,0.0056211915595646735,0.015115244640195055,0.023448132501705903,0.002727,Uzbek,Igbo
0.0,0.008089170251332413,0.0243962121716443,0.03513854110679045,0.006149,Hausa,Igbo
0.0,0.0008136445094444559,0.004167268776059372,0.004862998567233188,4e-06,Kazakh,Igbo
0.0,0.005118328364509405,0.013300352196091552,0.022024303048430123,0.002337,Turkish,Igbo
0.0,0.00015083145841451,0.0003602468343706399,0.0005943559824573461,0.00017,Darija,Igbo
0.0,0.011808270713715912,0.028404356587541577,0.0470884570312936,0.005727,Tagalog,Igbo
0.0,0.0007925529926352387,0.0028922428088877625,0.004171766734260169,1.4e-05,Kyrgyz,Igbo
0.0,0.0038955034100104035,0.011472571329734454,0.016905050055208645,0.002914,IsiNdebele,Igbo
0.04933377425135664,0.06818873668188737,0.24433627208475556,0.18133051455652532,0.159501,Igbo,Igbo
0.0,0.0083390976865729,0.020172972737511032,0.03212315754017696,0.00954,Emakhuwa,Igbo
0.0,0.0069332766938738355,0.016877819207304842,0.02728481702456152,0.00838,IsiXhosa,Igbo
0.0010321307249362126,0.004665904603553986,0.014766516031803458,0.020544204666122553,0.010114,Tamil,Igbo
0.0,0.007602539424002369,0.053568051548591795,0.03163982905376017,0.007496,Yoruba,Igbo
0.0018315095899944164,0.013010752688172042,0.029812606766652698,0.05005127580424372,0.010605,Indonesian,Igbo
0.0,3.536155421103068e-05,0.00016127158781265992,0.00030240187190372055,4.723649e-13,Burmese,IsiZulu
0.0,0.0048313710774426566,0.01242051131109918,0.01964643114395398,0.004177,Malay,IsiZulu
0.00038854782063750483,0.0028461983442952072,0.006642772228009366,0.011529650267296548,0.000565,Korean,IsiZulu
0.0030852562054049207,0.024873003769613267,0.05888844896098789,0.08144915401717465,0.027574,Setswana,IsiZulu
0.033094605818400284,0.04403414063758131,0.10052464506237715,0.10581827360059072,0.0698,IsiZulu,IsiZulu
0.0046372498110658945,0.022633299540955224,0.14091593567292024,0.07901452244084647,0.033878,Vietnamese,IsiZulu
0.0025986523535711727,0.01672259445478768,0.04087624923700948,0.05732979232191285,0.011915,Hindi,IsiZulu
0.0,3.4430993403021666e-06,0.0007857847869161278,2.7929060187124703e-05,3.3e-05,Thai,IsiZulu
0.00177584026971575,0.016959177113468338,0.04110607140721808,0.06000637961302717,0.022435,Swahili,IsiZulu
0.0026256518821647108,0.017141524945397432,0.04083979616473799,0.055987549290725726,0.029189,Kinyarwanda,IsiZulu
0.0,0.015226484390940624,0.04845069007470065,0.06599287871078666,0.024736,Urdu,IsiZulu
0.0,0.009956928277403703,0.022357382588806946,0.03684048555342834,0.008082,Uzbek,IsiZulu
0.0,0.013589415545916934,0.03553064159170216,0.050407155074015025,0.01145,Hausa,IsiZulu
0.0,0.0022605125366179962,0.004868320956864784,0.012780085653664501,5.1e-05,Kazakh,IsiZulu
0.0016766247637999478,0.01864492251168403,0.04178974140821883,0.0635862332084122,0.011416,Turkish,IsiZulu
0.0,0.00015518102203570513,0.00038324872487508974,0.0006685957113367889,0.000326,Darija,IsiZulu
0.0,0.027512257514389255,0.06811456735620769,0.09517503532154661,0.018347,Tagalog,IsiZulu
0.0,0.0024887175557155353,0.00515641018815981,0.01276364049986278,8.3e-05,Kyrgyz,IsiZulu
0.0,0.011094730003248458,0.027890176398331676,0.04142154490773246,0.014663,IsiNdebele,IsiZulu
0.005396350159636007,0.030432709404196165,0.18474771053802197,0.09566843354595386,0.028647,Igbo,IsiZulu
0.0,0.010138173493581882,0.023834081424527,0.03695680617718304,0.013639,Emakhuwa,IsiZulu
0.00193518766995474,0.014082573006621708,0.0332523221373691,0.0482473833447712,0.022645,IsiXhosa,IsiZulu
0.00058264702742173,0.0022187318917929796,0.005096654473971289,0.007666474859062262,0.003734,Tamil,IsiZulu
0.0,0.012769848941452968,0.056827366220324645,0.0459579706076188,0.015742,Yoruba,IsiZulu
0.0,0.016898973925195838,0.03614211033066784,0.06391446398128774,0.01802,Indonesian,IsiZulu
0.0,1.235792796387248e-05,0.0001059221926469727,9.180157223319202e-05,1.782398e-22,Burmese,Indonesian
0.006074745526256556,0.02701332679257624,0.06796312108323208,0.08823852349470107,0.052648,Malay,Indonesian
0.0,0.0022098093978146897,0.00491961317564756,0.013213413085656944,8.072066e-07,Korean,Indonesian
0.0,0.007244246351416509,0.016283313720079715,0.03223204661392125,0.002904,Setswana,Indonesian
0.0,0.003693998753650827,0.008983886315203374,0.01810233585750102,0.000991,IsiZulu,Indonesian
0.01257693465774522,0.04109692814666111,0.18737206972454654,0.1338087726723451,0.089401,Vietnamese,Indonesian
0.0007742205890779307,0.0022074910586786494,0.003607238307670978,0.00668102301223996,0.000889,Hindi,Indonesian
0.0,6.915055458744779e-06,0.0011892690686025888,4.504592091362202e-05,3.284991e-12,Thai,Indonesian
0.001307690012194722,0.014974774925439697,0.03304145081759375,0.056330443227011404,0.014545,Swahili,Indonesian
0.0005759607553327971,0.006170294989050625,0.013986910765708613,0.02428909464963041,0.005943,Kinyarwanda,Indonesian
0.0,0.004599353215954007,0.010981725227647617,0.014971126874808878,0.010708,Urdu,Indonesian
0.0,0.003132778909255488,0.007841383720684925,0.015598273798006074,0.000848,Uzbek,Indonesian
0.0,0.004826126398548534,0.011012616679506588,0.020524566005438255,0.002302,Hausa,Indonesian
0.0,0.002518309728992907,0.005247479153166212,0.015091560106456858,6e-05,Kazakh,Indonesian
0.0,0.006083628194868927,0.013612113000200628,0.029170120037617132,0.000932,Turkish,Indonesian
0.0,4.4114403352694654e-05,0.00011318818746668344,0.00017966183677090898,9.8e-05,Darija,Indonesian
0.0,0.0057556687011795955,0.012821274064695467,0.025924807295416685,0.002174,Tagalog,Indonesian
0.0,0.002398569638338801,0.004859790836692044,0.013632835241970781,5e-06,Kyrgyz,Indonesian
0.0,0.003657134470021282,0.008607451550818993,0.01899310867274258,0.001024,IsiNdebele,Indonesian
0.002022724751337103,0.011496372189443469,0.042113046864501576,0.04193413342416612,0.006425,Igbo,Indonesian
0.0,0.0027186812238380875,0.0058626440104179054,0.012360154428174432,0.001278,Emakhuwa,Indonesian
0.0,0.004592422502870264,0.010271613379438453,0.019023332620178076,0.002801,IsiXhosa,Indonesian
0.0,0.002936084993720512,0.005983722551639126,0.0103342916095055,0.004454,Tamil,Indonesian
0.0,0.0029422169811320754,0.008060940856770258,0.01200050949400525,0.002841,Yoruba,Indonesian
0.03222339067447078,0.057847565529750684,0.12774229086954073,0.17073240041332577,0.138705,Indonesian,Indonesian
0.0,0.00278875034131246,0.011596677672941804,0.016807191694158286,2.4e-05,Burmese,Kazakh
0.0,0.002686215919119355,0.014850620204689975,0.016630235587893463,8.3e-05,Malay,Kazakh
0.0012769708285879464,0.010967410736399374,0.030359955348521848,0.04005502865748252,0.002081,Korean,Kazakh
0.0,0.00435290871598269,0.013298956088023865,0.02018453006613141,0.000549,Setswana,Kazakh
0.0,0.00636463008578524,0.023202630667577093,0.02770270695455228,0.002161,IsiZulu,Kazakh
0.0,0.006573552577631039,0.06161895631542965,0.037929242105829555,0.000145,Vietnamese,Kazakh
0.0,0.0011545489783487458,0.003526332854942376,0.005378270618862412,9.7e-05,Hindi,Kazakh
0.0,0.0017441570738027606,0.007940301431007168,0.008508225077839934,0.001198,Thai,Kazakh
0.0,0.0072328390352754965,0.032639671803157584,0.0364983888043601,0.000535,Swahili,Kazakh
0.0,0.005653523146937982,0.02203474131624543,0.027462547385114527,0.000709,Kinyarwanda,Kazakh
0.0,0.0028992157517103287,0.011643200041854825,0.013039992670663938,0.000556,Urdu,Kazakh
0.0,0.0026082306114218585,0.017087613971367703,0.01255569358418324,0.000357,Uzbek,Kazakh
0.0,0.005166293810589113,0.02116238205897822,0.024456667690771657,0.000563,Hausa,Kazakh
0.10255919162128224,0.14426179604261796,0.31027067574478073,0.24318962343246725,0.185526,Kazakh,Kazakh
0.0,0.006128007262823422,0.018870212343147993,0.027659898141789575,0.000567,Turkish,Kazakh
0.0,0.00021495992761946318,0.0008834872151635163,0.0010726175594971722,4.1e-05,Darija,Kazakh
0.0,0.00614832401009791,0.02153599826411494,0.028566942517230184,0.0017,Tagalog,Kazakh
0.021265309901342122,0.07807419067542097,0.21350281276574823,0.16396428985755135,0.026157,Kyrgyz,Kazakh
0.0,0.004565455588987252,0.013607805247124556,0.021457462723569222,0.000624,IsiNdebele,Kazakh
0.0,0.004294586618508567,0.03532730598974744,0.021082579910792282,0.000744,Igbo,Kazakh
0.0,0.003131545443344696,0.011438983464459816,0.015650957019772455,0.00082,Emakhuwa,Kazakh
0.0,0.005494374238551396,0.015478292745056322,0.02260855500164463,0.002086,IsiXhosa,Kazakh
0.0,0.0014140690609099442,0.006736750297405977,0.008003604981693516,0.000158,Tamil,Kazakh
0.0,0.002157278663764382,0.030348967927694148,0.010600165349437227,0.000358,Yoruba,Kazakh
0.0,0.005539448027050911,0.022647945932026774,0.029564089516757618,0.00043,Indonesian,Kazakh
0.0,1.5030520798704192e-05,5.735277333668356e-05,0.00011404149960827885,9.623887e-15,Burmese,IsiNdebele
0.0,0.004262819711478361,0.018086512546865507,0.022375576048218986,0.000593,Malay,IsiNdebele
0.0,0.0022929664586999413,0.005014835778081075,0.011546818283704005,4.2e-05,Korean,IsiNdebele
0.0,0.011248267796243697,0.030318529539661666,0.04385942043164959,0.007002,Setswana,IsiNdebele
0.003617335230898342,0.02081111737497368,0.053669110850061486,0.06806417190734904,0.02704,IsiZulu,IsiNdebele
0.0,0.007406248778008055,0.022397298257680703,0.03867685534033849,0.000508,Vietnamese,IsiNdebele
0.0,0.0009442286600199566,0.0018251376515741693,0.003500143037049972,0.000141,Hindi,IsiNdebele
0.0,6.648228911817891e-06,0.0016755526941658028,3.763828648621276e-05,6.3e-05,Thai,IsiNdebele
0.0,0.0077607983633167805,0.02511619420167063,0.032398664366171614,0.003881,Swahili,IsiNdebele
0.0,0.009912275015665176,0.025729168767764814,0.038255290670640416,0.00982,Kinyarwanda,IsiNdebele
0.0,0.0,0.0,0.0,0.0,Urdu,IsiNdebele
0.0,0.006999046170503467,0.017234661288263627,0.0269518152442004,0.005458,Uzbek,IsiNdebele
0.0,0.008255212577084387,0.025655405708530126,0.034513409228313544,0.004138,Hausa,IsiNdebele
0.0,0.004825256772592541,0.009392474613130893,0.022632440213877912,0.000107,Kazakh,IsiNdebele
0.0,0.008827698601998116,0.022424098429305834,0.03484433515757036,0.00446,Turkish,IsiNdebele
0.0,5.33304890405845e-05,0.0001351483863628428,0.000205012849655591,0.000126,Darija,IsiNdebele
0.0,0.012149809407497872,0.03596380920836953,0.04975655130500424,0.004465,Tagalog,IsiNdebele
0.0,0.0034056777062129967,0.0065821387044688795,0.01546663888151542,0.000139,Kyrgyz,IsiNdebele
0.007898198526170283,0.022606350671752387,0.057747952978206334,0.07370825547724344,0.038848,IsiNdebele,IsiNdebele
0.0,0.007240662956616677,0.017314328423230607,0.02981716777567127,0.004349,Igbo,IsiNdebele
0.0,0.009087304209900204,0.024052971556723615,0.032905032656882285,0.009904,Emakhuwa,IsiNdebele
0.003793956848718787,0.019010452961672475,0.046943824612674837,0.05989472545650462,0.031833,IsiXhosa,IsiNdebele
0.0,0.001163573420521204,0.003683385120834514,0.005273363375682105,0.000214,Tamil,IsiNdebele
0.0,0.0030716076258328387,0.008545964154570406,0.013110753928034815,0.002108,Yoruba,IsiNdebele
0.0,0.005669109994020861,0.017531750249748,0.025963649777438754,0.001437,Indonesian,IsiNdebele
0.0,0.00011477812505518179,0.005224158522015508,0.0007611327932129505,1.8e-05,Burmese,Kyrgyz
0.0,0.0030038110853144928,0.014380312870702093,0.017227924967394087,1.4e-05,Malay,Kyrgyz
0.0,0.0035533064475613265,0.011870824147541627,0.015940658913443123,0.000153,Korean,Kyrgyz
0.0,0.004072768699490904,0.012389549206729971,0.01904240919115061,8.1e-05,Setswana,Kyrgyz
0.0,0.002894196330057205,0.00825492855179602,0.013609984653936626,0.000111,IsiZulu,Kyrgyz
0.000694276749722912,0.012307075011587607,0.08927912163081077,0.05976604900007544,0.003893,Vietnamese,Kyrgyz
0.0,0.00038206096419451995,0.000945371088795337,0.0015761341419693435,3.4e-05,Hindi,Kyrgyz
0.0,0.00017980568795484744,0.002426436052472525,0.0007968621647920918,0.000159,Thai,Kyrgyz
0.0,0.004390027476590412,0.015297246678985979,0.02093448530896451,6.1e-05,Swahili,Kyrgyz
0.0,0.0038217656311443178,0.011306027163571456,0.017461493747709937,0.000168,Kinyarwanda,Kyrgyz
0.0,0.00013524072849672417,0.0006152699088506208,0.0005672265329327028,1.1e-05,Urdu,Kyrgyz
0.0,0.0023580609250075904,0.016790630799508013,0.01068787836901397,0.000241,Uzbek,Kyrgyz
0.0,0.0034105107914160276,0.010883258770652333,0.016138138403150905,7.9e-05,Hausa,Kyrgyz
0.01983654547890792,0.07155831210543803,0.17925110536823174,0.1568460697760466,0.05223,Kazakh,Kyrgyz
0.0,0.004677080069820525,0.013108375966476533,0.021149396531329114,5.9e-05,Turkish,Kyrgyz
0.0,6.26846258119618e-05,0.00018047669884765704,0.00031902825881262157,0.000106,Darija,Kyrgyz
0.0,0.003906833225501418,0.013629748005354075,0.019237141142672932,5.4e-05,Tagalog,Kyrgyz
0.261450554939261,0.22983286052178387,0.38251580120164913,0.3381042944335002,0.218704,Kyrgyz,Kyrgyz
0.0,0.004113545248997739,0.010822107904784614,0.01868735272808631,6.8e-05,IsiNdebele,Kyrgyz
0.0,0.0036825506711280335,0.03301915202860649,0.017112909840503857,0.000227,Igbo,Kyrgyz
0.0,0.002108566665032119,0.006601920642926718,0.00993651084168062,0.00034,Emakhuwa,Kyrgyz
0.0,0.0028347237491646725,0.00735625610169453,0.012521599636296309,0.000201,IsiXhosa,Kyrgyz
0.0,0.0010921828146003515,0.004583016970664998,0.00574317477067873,4.9e-05,Tamil,Kyrgyz
0.0,0.0009711529433855976,0.03100178589036626,0.004809440019731992,0.000137,Yoruba,Kyrgyz
0.0,0.0070638769106864206,0.026420589482314266,0.034617542954849714,0.000616,Indonesian,Kyrgyz
0.0,0.011921590080931002,0.03197535506439005,0.05172651873238816,9.4e-05,Burmese,Korean
0.0,0.0019279693264428967,0.009194858845980133,0.011835423547693433,0.000709,Malay,Korean
0.09646466257791056,0.10892117578961066,0.2356296032512935,0.19480800724374692,0.11847,Korean,Korean
0.0,0.004166108822857683,0.012647928135112268,0.018948704668988743,0.001487,Setswana,Korean
0.0,0.0028847235660763707,0.011060024425583853,0.015254856898787403,0.000988,IsiZulu,Korean
0.0021114818641826106,0.018717592007082333,0.12760408283433786,0.07702337269363718,0.017167,Vietnamese,Korean
0.0,0.001805988978155501,0.0071170682138752776,0.0077637835585561785,0.000635,Hindi,Korean
0.0,0.006884016812450301,0.02796817885450785,0.027008584944951924,0.004153,Thai,Korean
0.0,0.0059691038561811745,0.022923323475197075,0.02903541920904993,0.002012,Swahili,Korean
0.0,0.003988661358778153,0.0140619589224739,0.02034643309737296,0.002452,Kinyarwanda,Korean
0.0010676697897729613,0.013929283356753048,0.057310127325843535,0.06281182255683837,0.005722,Urdu,Korean
0.0,0.001408232745280099,0.008652786841357889,0.006619217249571627,0.000645,Uzbek,Korean
0.0,0.0032283304999831124,0.013819713505646251,0.01728937216766139,0.000655,Hausa,Korean
0.0,0.005318320389861813,0.015083341450794487,0.02254159943397712,0.001398,Kazakh,Korean
0.0,0.0029778837656913894,0.008984046209442438,0.013603316176232713,0.00057,Turkish,Korean
0.0,0.00036612434498066405,0.001439144581845037,0.0017361301782967153,0.000183,Darija,Korean
0.0,0.005090949118027464,0.018677762912029043,0.02537723922914225,0.001797,Tagalog,Korean
0.0,0.0027743676175811674,0.00877082329771609,0.011956167161700833,0.000693,Kyrgyz,Korean
0.0,0.002813176244289493,0.009605788879158722,0.014667185312941363,0.000636,IsiNdebele,Korean
0.0,0.0026417826498007445,0.02200515663756011,0.013998506402631707,0.000931,Igbo,Korean
0.0,0.0022040851955307263,0.008498767579029847,0.011346964231410166,0.001474,Emakhuwa,Korean
0.0,0.0022120661950374592,0.006840500963174124,0.010982089595128482,0.000782,IsiXhosa,Korean
0.00047932371042874397,0.0035556093265850693,0.015950161924912252,0.017203738646845775,0.00232,Tamil,Korean
0.0,0.0008884773250575634,0.012736904406576221,0.004536563469361113,0.000376,Yoruba,Korean
0.0030295344838681335,0.02290769060808358,0.054085102453311835,0.08101845644798836,0.01908,Indonesian,Korean
0.0,7.070785634991904e-06,1.654828686630597e-05,5.24177793908607e-05,3.069927e-57,Burmese,Malay
0.03656374106186946,0.0672574840333687,0.14081404430343397,0.18365689603933405,0.237156,Malay,Malay
0.0,0.0016779263280113266,0.003765524063126876,0.010579200553359942,7.715372e-08,Korean,Malay
0.0,0.003406823093182811,0.007806676482705184,0.017865056532010124,0.000756,Setswana,Malay
0.0,0.0018887683734151177,0.0048631928543990946,0.0112107553882883,0.0002,IsiZulu,Malay
0.005211896298094063,0.01757300369700819,0.0688346116220256,0.060260459973949757,0.037664,Vietnamese,Malay
0.0,0.00040010669511869834,0.0007130735525931063,0.001437099305545344,0.000379,Hindi,Malay
0.0,0.0,0.000822321044516539,0.0,0.0,Thai,Malay
0.0,0.002615291347685714,0.006715530044727136,0.012969681639993218,0.001283,Swahili,Malay
0.0,0.002043144851009632,0.004851000241589993,0.010555846626002936,0.0006,Kinyarwanda,Malay
0.0,0.000674010167924819,0.0015742306263734536,0.0025959635973514476,0.003154,Urdu,Malay
0.0,0.0014220222429747857,0.0033744395061750146,0.00806145415537092,7.5e-05,Uzbek,Malay
0.0,0.0027822775105417405,0.0060520255766311265,0.013363721670094347,0.001086,Hausa,Malay
0.0,0.001009023219132008,0.002214603647408806,0.006770123439755747,1e-06,Kazakh,Malay
0.0,0.0029435479953758125,0.006765062531449337,0.016023556895312555,0.000284,Turkish,Malay
0.0,2.2450720668133446e-05,4.240723291470833e-05,0.00010662867663233391,2.6e-05,Darija,Malay
0.0,0.003289296306282017,0.007804937890085461,0.016584295001141905,0.002087,Tagalog,Malay
0.0,0.0011303662545871377,0.002325943592267367,0.007077049305802068,9.038205e-08,Kyrgyz,Malay
0.0,0.0014640918843872271,0.003430402082309239,0.00862687092768797,9.2e-05,IsiNdebele,Malay
0.0,0.002743033917920413,0.004740317324093356,0.013091380676902393,0.001066,Igbo,Malay
0.0,0.0012016079699379532,0.0026352413313299686,0.005788433721418901,0.00053,Emakhuwa,Malay
0.0,0.0018215787015413358,0.004204184223945422,0.009730548567490876,0.000225,IsiXhosa,Malay
0.0,0.0007946076282332311,0.0014396338654464299,0.0031234992662523466,0.00037,Tamil,Malay
0.0,0.0009052308012920705,0.0018674775934421606,0.004319896024044723,0.000888,Yoruba,Malay
0.011195640419251862,0.03607955654448218,0.08168857592958158,0.12366335474600891,0.084984,Indonesian,Malay
0.0,1.9439231196078224e-05,0.00014865655521081322,0.0001379519128768048,2.809742e-21,Burmese,IsiXhosa
0.0,0.003829610894385619,0.01055242770388626,0.016022675539461885,0.002169,Malay,IsiXhosa
0.008124425003597642,0.025168793440358075,0.05651019101631009,0.06167649524579595,0.010661,Korean,IsiXhosa
0.004507845648446302,0.0323627112750167,0.08215186731328247,0.09884664087106837,0.026776,Setswana,IsiXhosa
0.002962555084833765,0.021374156921733223,0.053073152206399084,0.06563117852613004,0.028308,IsiZulu,IsiXhosa
0.004222573460951512,0.02329938692532215,0.1405107635192008,0.07958062936433943,0.039938,Vietnamese,IsiXhosa
0.0029797366174277875,0.02328549138741643,0.05928345191620974,0.07857314742078814,0.015324,Hindi,IsiXhosa
0.0,2.4063251976624268e-05,0.0011124340661573101,0.00016146582316434318,4e-05,Thai,IsiXhosa
0.0013741338259510797,0.017426939316168556,0.045016070674587974,0.06334975814686056,0.016231,Swahili,IsiXhosa
0.0,0.015249720722398063,0.03744019179378991,0.05270867233323406,0.022463,Kinyarwanda,IsiXhosa
0.0,0.01713168187744459,0.05005226993417697,0.06724816019679392,0.02331,Urdu,IsiXhosa
0.0,0.011140174379611,0.02569101692667599,0.04070937681294204,0.008421,Uzbek,IsiXhosa
0.0,0.013579681730874494,0.03602592371256772,0.04926373819759058,0.011075,Hausa,IsiXhosa
0.0,0.0018475323895522043,0.004197937722005034,0.01139758102942524,1.2e-05,Kazakh,IsiXhosa
0.0011887804422869262,0.014731051904190958,0.03347706742566528,0.0506684651402652,0.007403,Turkish,IsiXhosa
0.0,0.0013533448784555193,0.0034092032688312897,0.005040215091160495,0.001335,Darija,IsiXhosa
0.0,0.02290797630845106,0.06167934367777709,0.0833464846935287,0.012992,Tagalog,IsiXhosa
0.0,0.0023086626417130117,0.004760980765760155,0.011625416739571074,8.8e-05,Kyrgyz,IsiXhosa
0.0,0.009902124830953308,0.026387433914603534,0.038327897578894383,0.008794,IsiNdebele,IsiXhosa
0.005821510660799049,0.03238929523161536,0.23920938722044402,0.10480140974984227,0.025074,Igbo,IsiXhosa
0.0,0.00991473717146433,0.024318335213192755,0.03459110331454464,0.012103,Emakhuwa,IsiXhosa
0.008331638796150514,0.024623027978732677,0.05792718037698429,0.0684507716862423,0.040185,IsiXhosa,IsiXhosa
0.0,0.0037374860956618464,0.008458127207438442,0.013205030146790054,0.006015,Tamil,IsiXhosa
0.0008840446013369219,0.012746580400154717,0.07387591866456648,0.04807268186955992,0.015458,Yoruba,IsiXhosa
0.0020011626961139338,0.019234852774631935,0.041844108902805516,0.06902790807839268,0.015002,Indonesian,IsiXhosa
0.0,1.2380790672666044e-05,6.988498596279998e-05,9.550255589838366e-05,3.302629e-14,Burmese,Emakhuwa
0.0,0.002367812898581838,0.007781382348615588,0.010791175849060388,0.002397,Malay,Emakhuwa
0.0,0.00086100264364192,0.0019881758414976762,0.004795445315086088,1.4e-05,Korean,Emakhuwa
0.0,0.008142752272855611,0.02148550043734396,0.03236173418075371,0.006765,Setswana,Emakhuwa
0.0,0.00808113843275352,0.021970017101270143,0.03384441290535645,0.006418,IsiZulu,Emakhuwa
0.0,0.008268171466394426,0.031444210288289746,0.035792716591626916,0.003918,Vietnamese,Emakhuwa
0.0,0.001782590037302347,0.0028423645771632924,0.006260338450145482,0.000206,Hindi,Emakhuwa
0.0,0.0,0.0006123275171857205,0.0,0.0,Thai,Emakhuwa
0.0,0.010474541212689708,0.02897196599023597,0.04036129468383899,0.006351,Swahili,Emakhuwa
0.0,0.009892926589055278,0.022958056639509814,0.03737337361165656,0.009608,Kinyarwanda,Emakhuwa
0.0,0.0003376592870984791,0.0007080942509394122,0.001147284798435124,0.001006,Urdu,Emakhuwa
0.0,0.005756442227763924,0.01443296333668667,0.02517303252310267,0.002786,Uzbek,Emakhuwa
0.0,0.00863500128132277,0.023210901100289536,0.03314163087806056,0.007844,Hausa,Emakhuwa
0.0,0.002737788323332801,0.005694716310511569,0.014471026792763486,2.1e-05,Kazakh,Emakhuwa
0.0,0.008377658295420662,0.02047690012501698,0.03511041569243839,0.004819,Turkish,Emakhuwa
0.0,5.958449743786661e-05,0.00015566805590637607,0.00024081132532391267,0.000222,Darija,Emakhuwa
0.0,0.007395222149544571,0.019218404403981107,0.029058788079242233,0.006258,Tagalog,Emakhuwa
0.0,0.0014393993169754475,0.0029015218956961047,0.007528571754785898,1.7e-05,Kyrgyz,Emakhuwa
0.0,0.0065262422321495425,0.01645816769225453,0.02742649176447898,0.00767,IsiNdebele,Emakhuwa
0.0,0.010876742825877781,0.020842885118014066,0.04179975986020978,0.007342,Igbo,Emakhuwa
0.15373240795605417,0.14083433614119534,0.21730078717080625,0.22410408847594993,1.076455,Emakhuwa,Emakhuwa
0.0,0.008288579145065656,0.019236425967927337,0.03097596687734689,0.008521,IsiXhosa,Emakhuwa
0.0,0.0006085860755505914,0.0013934821417093588,0.002320730908699307,0.000504,Tamil,Emakhuwa
0.0,0.0055071475745116,0.011862862008589723,0.021847498698304765,0.005961,Yoruba,Emakhuwa
0.0,0.005643942760643499,0.013492874781012288,0.022845506826088324,0.002303,Indonesian,Emakhuwa
0.0,4.775262020395675e-05,0.00014217667205008945,0.00038151264950657036,1.872262e-19,Burmese,Hausa
0.0,0.0027495234721589662,0.006908600078338852,0.010902363926808272,0.004384,Malay,Hausa
0.0,0.000708150030799676,0.0016921916329273655,0.004153948041051807,8.411474e-07,Korean,Hausa
0.0,0.009359703279965584,0.02164183554989768,0.04024816933893689,0.005618,Setswana,Hausa
0.0,0.0047398782262796525,0.012567912206233371,0.023680100036235822,0.002335,IsiZulu,Hausa
0.0,0.005363740225826075,0.009192350994614731,0.021560454608138775,0.003062,Vietnamese,Hausa
0.0,0.001103917973281443,0.0016089113750141137,0.0036409677585159915,0.000102,Hindi,Hausa
0.0,3.7991821396993814e-05,0.0005997879904718349,0.0001891895998375347,6e-06,Thai,Hausa
0.0,0.0066913262125431194,0.016450473458666112,0.028618047575717155,0.00395,Swahili,Hausa
0.0,0.007607520502069984,0.018261572130680997,0.03229583718567147,0.005551,Kinyarwanda,Hausa
0.0,0.0,0.0,0.0,0.0,Urdu,Hausa
0.0,0.005299391163492152,0.012937565960556181,0.02437933448955798,0.00205,Uzbek,Hausa
0.02495099256635082,0.05310568765057086,0.12396531110620586,0.14358113599534233,0.105048,Hausa,Hausa
0.0,0.0009332872450743173,0.002100285375699929,0.0055877121842026894,3e-06,Kazakh,Hausa
0.0,0.00858522798764966,0.020997531263544224,0.038797875263400894,0.003789,Turkish,Hausa
0.0,3.6754436260456634e-05,9.73575652829105e-05,0.00016705737665352174,0.000297,Darija,Hausa
0.0,0.007979027744546277,0.018713831552379306,0.03342601836593262,0.00684,Tagalog,Hausa
0.0,0.0012528356769660035,0.0025001492162552985,0.006875187742629548,1.4e-05,Kyrgyz,Hausa
0.0,0.0037018820057469776,0.009258527864453874,0.01693476118005629,0.001687,IsiNdebele,Hausa
0.0,0.009833082739534985,0.015809363783495928,0.039867118829870915,0.005845,Igbo,Hausa
0.0,0.006150913973836957,0.01535166744311217,0.025554480714417925,0.007541,Emakhuwa,Hausa
0.0,0.004635574905252607,0.011046725759242199,0.02208460041491692,0.003488,IsiXhosa,Hausa
0.0,0.0006915411938515702,0.001449678442756964,0.0026685131181126602,0.000666,Tamil,Hausa
0.0,0.004258834005061393,0.008939885850251681,0.01715954673585257,0.00648,Yoruba,Hausa
0.0,0.004018748217850014,0.00945974986846301,0.016478536008224395,0.00325,Indonesian,Hausa
0.0,2.298102827727141e-05,0.00040877644696843705,0.00018244006736847413,1.985471e-27,Burmese,Hindi
0.0,0.00435438589790111,0.009974174550076242,0.01585441555249497,0.006466,Malay,Hindi
0.0036966306604629645,0.017013631521851178,0.039374480143232304,0.04945347048393028,0.004074,Korean,Hindi
0.0,0.008801759218326701,0.020623282291905076,0.04096929395823877,0.003026,Setswana,Hindi
0.0,0.004818661672058573,0.013599631435411748,0.023606450248903572,0.002686,IsiZulu,Hindi
0.01299253176408427,0.04319093005154715,0.18550496960168542,0.13695402183733657,0.138696,Vietnamese,Hindi
0.04927914591537623,0.06364053128223414,0.14547168354641465,0.18782492906992798,0.13248,Hindi,Hindi
0.0,1.0356112177407105e-05,0.0023955363499318307,8.533879501621436e-05,2.615071e-08,Thai,Hindi
0.0,0.016150628770205542,0.0373271976734921,0.06097247770562694,0.023161,Swahili,Hindi
0.0,0.008133130056311014,0.019940076440673755,0.03140324055709767,0.01157,Kinyarwanda,Hindi
0.0052682598661905064,0.027392824763631654,0.07529059576113756,0.10041652611917123,0.070653,Urdu,Hindi
0.0,0.0008393877407067786,0.002550845175902082,0.0045461859223561996,0.000162,Uzbek,Hindi
0.0,0.0021291448516579407,0.005134679051470982,0.009285672677561078,0.000863,Hausa,Hindi
0.0,0.0011496922540936013,0.0025471596383978535,0.00692258630703916,3.262965e-07,Kazakh,Hindi
0.0007107225435171791,0.005048356447999092,0.01097652622675303,0.01991358159361607,0.001761,Turkish,Hindi
0.0,0.0004325893773645775,0.0011639132139591062,0.0020458058958282765,0.000765,Darija,Hindi
0.0,0.009457402863620835,0.02127290786970142,0.037963291198658725,0.005676,Tagalog,Hindi
0.0,0.0008201485822577178,0.0017833893722773739,0.004870544084150549,6e-06,Kyrgyz,Hindi
0.0,0.003059451564978722,0.008933068296589766,0.016280341438630847,0.001547,IsiNdebele,Hindi
0.001998945601707209,0.01443272887525095,0.07343179564064604,0.06370345138556546,0.013545,Igbo,Hindi
0.0,0.0029462738301559792,0.007368089547863004,0.014181481228267387,0.002488,Emakhuwa,Hindi
0.0,0.0031227994979028256,0.00744458807107078,0.015068458252945553,0.001935,IsiXhosa,Hindi
0.0065315439878546044,0.024281421677239203,0.05810042067348383,0.07966409381794021,0.064155,Tamil,Hindi
0.0,0.006227376898198719,0.024209819311351854,0.024449935408653124,0.009466,Yoruba,Hindi
0.006739012311596454,0.033711488845044775,0.07371866732615252,0.11801749336742154,0.061978,Indonesian,Hindi
0.0,2.5642930155732168e-05,0.0003445286555975966,0.00019823969344660812,3.990878e-10,Burmese,Kinyarwanda
0.0,0.003310123526021465,0.00905612579597528,0.0140960173198811,0.002568,Malay,Kinyarwanda
0.00026684359248305156,0.0030108399905276946,0.00755003421237431,0.013909119243429961,0.000307,Korean,Kinyarwanda
0.0,0.011105919172380819,0.02585361740586421,0.0436029079884781,0.007218,Setswana,Kinyarwanda
0.0,0.013508066021185903,0.033435142723617715,0.05009598768738749,0.014588,IsiZulu,Kinyarwanda
0.0051598623624520175,0.03159436738680005,0.15514217100151814,0.11124218370752847,0.055341,Vietnamese,Kinyarwanda
0.0009675680600033449,0.007866896583865406,0.02090372992727025,0.02965735995624901,0.005518,Hindi,Kinyarwanda
0.0,3.0128951914192745e-05,0.0014224233320641478,0.00015255924994627172,1.4e-05,Thai,Kinyarwanda
0.0,0.013475578975880621,0.03368403428740771,0.05081379027266218,0.013765,Swahili,Kinyarwanda
0.08118734530167396,0.0859089086078107,0.16943668925667013,0.18188142287105222,0.190301,Kinyarwanda,Kinyarwanda
0.0,0.01783482246192306,0.05246455501573582,0.07227369773076261,0.019994,Urdu,Kinyarwanda
0.0,0.00817347789824854,0.01848512541193113,0.03258624704090191,0.005243,Uzbek,Kinyarwanda
0.0,0.010181076991177773,0.026722192040749562,0.04075641325073458,0.007683,Hausa,Kinyarwanda
0.0,0.0035888733460224275,0.008015890783899065,0.02051577912118932,5e-06,Kazakh,Kinyarwanda
0.0,0.01158789833400523,0.02671144601789839,0.04537643616164204,0.006252,Turkish,Kinyarwanda
0.0,0.00027263167460760514,0.0007002076047590738,0.0009225868921853631,0.000634,Darija,Kinyarwanda
0.0,0.016453525320147298,0.040722021858642286,0.061452747975708,0.012499,Tagalog,Kinyarwanda
0.0,0.002222893818048784,0.004953837617799245,0.01220835944624708,2.7e-05,Kyrgyz,Kinyarwanda
0.0,0.007431388418806563,0.018171344056881377,0.03182026262449174,0.008302,IsiNdebele,Kinyarwanda
0.003626028661162295,0.027676562846551123,0.17902798269731343,0.09533801342778223,0.028759,Igbo,Kinyarwanda
0.0,0.009717171717171718,0.02124211956305043,0.03694273831493426,0.010052,Emakhuwa,Kinyarwanda
0.0,0.011865333778979673,0.027234090701820188,0.04386672228350265,0.018119,IsiXhosa,Kinyarwanda
0.0,0.0035514004213657207,0.014152403208446534,0.01834439878102323,0.006114,Tamil,Kinyarwanda
0.0007681063181163557,0.01154668126744145,0.058350308261129906,0.0444055579535507,0.0158,Yoruba,Kinyarwanda
0.0,0.022186237521284766,0.05092018699170817,0.08051482140954785,0.022777,Indonesian,Kinyarwanda
0.0,6.2653324155945e-05,0.0003132992831655811,0.0005043503226311131,5.114128e-13,Burmese,Swahili
0.0,0.005236805384552245,0.012250091065632391,0.021424220695216847,0.002889,Malay,Swahili
0.0,0.002774019272644387,0.006763685620045006,0.015794833343581234,6.2e-05,Korean,Swahili
0.0017598661152270142,0.0178460599277611,0.04279719651091545,0.06556527030691117,0.014056,Setswana,Swahili
0.0015283106603222385,0.016448551211337932,0.0417688730848378,0.05774359926816548,0.015844,IsiZulu,Swahili
0.005532021768163836,0.030893673515272856,0.16809300787595907,0.11017543889495117,0.044867,Vietnamese,Swahili
0.005800597763750445,0.027789673793831016,0.0724134638946417,0.08838052153802425,0.024077,Hindi,Swahili
7.419355453130359e-05,0.0002284630912761198,0.003070205046177276,0.00047383923151627944,1.8e-05,Thai,Swahili
0.01757454907862956,0.03899115158561002,0.09498187557939802,0.11420446833860605,0.083066,Swahili,Swahili
0.0013375818005009203,0.014321177449028452,0.033466832292420076,0.051727626377583005,0.020951,Kinyarwanda,Swahili
0.0,0.02055349992396979,0.06102827288408733,0.0803065278014386,0.030128,Urdu,Swahili
0.0,0.004734235628464503,0.011391215075515269,0.021939306549012872,0.001873,Uzbek,Swahili
0.0,0.012966775481419975,0.030219691099729457,0.04861972717481443,0.011114,Hausa,Swahili
0.0,0.0036965826638284236,0.008367561589333196,0.021516448679825738,1e-06,Kazakh,Swahili
0.0010503970587285557,0.012371944920916216,0.027492047593934754,0.0471757416187325,0.005278,Turkish,Swahili
0.0,0.0006514077263813273,0.0016544939282640853,0.0026050200070311114,0.001224,Darija,Swahili
0.0,0.017814407227641885,0.041139777702879084,0.065771086144322,0.009857,Tagalog,Swahili
0.0,0.003196742821244821,0.00686485481323388,0.017910482216274493,4e-05,Kyrgyz,Swahili
0.0,0.008016032064128256,0.019004194239825033,0.034275141844449915,0.00683,IsiNdebele,Swahili
0.004645333603283646,0.033195982061592945,0.2226770948131054,0.10399006417472381,0.030976,Igbo,Swahili
0.0,0.010798403193612775,0.025557252373643466,0.03918722974326594,0.012138,Emakhuwa,Swahili
0.0,0.011318704536536777,0.025930453209425688,0.04267050313725679,0.012457,IsiXhosa,Swahili
0.0018237096167599575,0.010513450561826511,0.02781595801512658,0.037057738856556416,0.019331,Tamil,Swahili
0.0009432078268100352,0.011783979096068264,0.053944183342991975,0.041586325135947524,0.014891,Yoruba,Swahili
0.0036680853770210413,0.024407428819193524,0.05244411988737332,0.08452579615017866,0.033278,Indonesian,Swahili
0.0,0.00010168280623324444,0.0009746262554228762,0.000825597464467111,3.385906e-21,Burmese,Setswana
0.0,0.003490564567653063,0.008520509978350698,0.015381981793513008,0.002401,Malay,Setswana
0.00027713625581584446,0.004367873054741742,0.011285115613907565,0.020282608945905247,0.000369,Korean,Setswana
0.05080845863604805,0.06733332595878364,0.14776449071528538,0.1699455429045085,0.149474,Setswana,Setswana
0.0,0.012248277938796251,0.030665813048674766,0.04906674923591718,0.008124,IsiZulu,Setswana
0.00620084633399794,0.027970293521549953,0.12813402717152264,0.0963095933991146,0.047303,Vietnamese,Setswana
0.0,0.0017982161695597966,0.00388560167679635,0.006212130710997622,0.000517,Hindi,Setswana
0.0,1.0359688380573513e-05,0.001748506032353001,4.813444528364128e-05,1.980108e-11,Thai,Setswana
0.0,0.010667746944838297,0.025180854025943316,0.04372065415409705,0.006797,Swahili,Setswana
0.0,0.013376383763837638,0.03031642531829183,0.04988432952267545,0.016091,Kinyarwanda,Setswana
0.0,0.01165514164621905,0.029348425738026034,0.04185113275501641,0.016953,Urdu,Setswana
0.0,0.00484536657463956,0.01252134983885474,0.02193896324274088,0.002174,Uzbek,Setswana
0.0,0.013081412279986488,0.030365951168493444,0.050059652953427486,0.008303,Hausa,Setswana
0.0,0.002785676306724923,0.006934403323387261,0.01713505669009885,7e-06,Kazakh,Setswana
0.0,0.006376803236936443,0.014669533281414631,0.0295965631336971,0.00177,Turkish,Setswana
0.0,0.0019850181839256996,0.0043999653243768895,0.007046799795669453,0.002493,Darija,Setswana
0.0,0.01858189456427071,0.04051688207488868,0.07104016080073411,0.01041,Tagalog,Setswana
0.0,0.002007221337888729,0.00631501533669673,0.011326530989666253,3.5e-05,Kyrgyz,Setswana
0.0,0.00782139138436206,0.019342537486522354,0.03392378686484315,0.004492,IsiNdebele,Setswana
0.004737975898807755,0.02960718032404709,0.13382010196537172,0.09632710928396665,0.030659,Igbo,Setswana
0.0,0.006384693704395045,0.013968609698514827,0.02454779159809365,0.007827,Emakhuwa,Setswana
0.0,0.01104169920349836,0.025696153655157664,0.044540828175870406,0.008526,IsiXhosa,Setswana
0.0,0.006850997625351421,0.017053964263065192,0.024917329893893662,0.014047,Tamil,Setswana
0.0,0.008741861768637088,0.025850393300007622,0.03256371087690231,0.012234,Yoruba,Setswana
0.0013286167520595385,0.011857989856418316,0.025063148857897944,0.047832055222356236,0.008749,Indonesian,Setswana
0.0,1.766759480431372e-05,0.0017037347432867793,0.0001221478693538061,5.882533e-13,Burmese,Uzbek
0.0,0.0020675259924619388,0.008295920786799764,0.010309416121866581,0.000763,Malay,Uzbek
0.0,0.0008243802557281052,0.007632191227516256,0.004390203375152588,4e-06,Korean,Uzbek
0.0,0.007048010312627729,0.01909389567398197,0.02847788357209568,0.004127,Setswana,Uzbek
0.0,0.00636870362638892,0.016150649602117907,0.02630572479001201,0.005682,IsiZulu,Uzbek
0.0,0.0020890672149086447,0.016970948078537013,0.009465483332643274,0.000758,Vietnamese,Uzbek
0.0,0.0002615035943925425,0.00043863450850114725,0.0009158250433358088,5.4e-05,Hindi,Uzbek
0.0,3.413202266366305e-06,0.0003467453289539477,2.743032696949747e-05,3.177865e-07,Thai,Uzbek
0.0,0.0038721880539132297,0.011165636539641297,0.01602024768550576,0.003841,Swahili,Uzbek
0.0,0.006475218590181707,0.016890607692918325,0.02503584768820264,0.005233,Kinyarwanda,Uzbek
0.0,0.0002104543182595428,0.0004954471430161696,0.0008600543980558577,0.000202,Urdu,Uzbek
0.02825709288087265,0.052832444362700015,0.12871055636226386,0.1276638844594064,0.073188,Uzbek,Uzbek
0.0,0.006526099457558122,0.019196496454150194,0.026600723187689423,0.004871,Hausa,Uzbek
0.0,0.0008769702984006831,0.005995764392991774,0.0045770506950619985,3e-06,Kazakh,Uzbek
0.0,0.011100474304860537,0.026138997625548915,0.041030770876696016,0.009577,Turkish,Uzbek
0.0,3.719822936428226e-05,9.303938676465436e-05,0.0001635850097901458,4.4e-05,Darija,Uzbek
0.0,0.007371533879055415,0.019171693505631544,0.02999022656957283,0.005168,Tagalog,Uzbek
0.0,0.0010277898565047238,0.010271667851503697,0.0050228234667299455,4.9e-05,Kyrgyz,Uzbek
0.0,0.003993315803700883,0.010003406902580869,0.016541746498177475,0.004257,IsiNdebele,Uzbek
0.0,0.004567447261467002,0.019651009030146223,0.01881097906116753,0.004611,Igbo,Uzbek
0.0,0.005057861940600469,0.012655394939707675,0.01909171548558409,0.006917,Emakhuwa,Uzbek
0.0,0.006230575699274826,0.014570797494237061,0.023835446003271824,0.007793,IsiXhosa,Uzbek
0.0,0.00028979459359206196,0.0007845614000731294,0.0012147664242524998,0.000112,Tamil,Uzbek
0.0,0.0026858177147194486,0.01760023440482886,0.010857006408844572,0.00276,Yoruba,Uzbek
0.0,0.0029867978515134785,0.009868430521062932,0.01342541218241424,0.002086,Indonesian,Uzbek
0.0,1.5018782312468416e-05,0.0011545416709802107,0.00012125669635925782,1.115569e-17,Burmese,Yoruba
0.0,0.002274354954222558,0.00515095935875913,0.009048408697995622,0.001506,Malay,Yoruba
0.0,0.0013551786837217692,0.0033293651905876016,0.008203715029634882,3e-06,Korean,Yoruba
0.0,0.010993443114117471,0.026115920094681874,0.045161413536186495,0.006655,Setswana,Yoruba
0.0,0.01015458322416439,0.02572117955035548,0.04165903632473718,0.008471,IsiZulu,Yoruba
0.004530688036884994,0.023590959189527878,0.11832818059828236,0.08253632722378931,0.049778,Vietnamese,Yoruba
0.004945461078228167,0.022969038200526665,0.05406688368509007,0.07683055329803007,0.017185,Hindi,Yoruba
0.0,1.3774863628850074e-05,0.000687353936752657,7.64274957823345e-05,4e-06,Thai,Yoruba
0.0,0.015936282596941676,0.03537525160667269,0.06027147403301024,0.015392,Swahili,Yoruba
0.0007761012124934465,0.01040925501357156,0.02478056369975298,0.04145226158556829,0.013183,Kinyarwanda,Yoruba
0.0,0.017697925534298133,0.05429679570106649,0.07181274213201144,0.030134,Urdu,Yoruba
0.0,0.006887398714724783,0.016585197470722554,0.03016976947494141,0.003432,Uzbek,Yoruba
0.0,0.007628750104626275,0.019110389753449118,0.030434619265005403,0.005134,Hausa,Yoruba
0.0,0.0012150111184979712,0.003617405308796751,0.00732332705374178,4.983389e-07,Kazakh,Yoruba
0.0,0.006489448637215786,0.015107535280003253,0.02888696635163762,0.002424,Turkish,Yoruba
0.0,4.285653062099113e-05,0.00011918083106000443,0.00019433688361346016,6.7e-05,Darija,Yoruba
0.0,0.013645608815761512,0.030618530514708933,0.052267663844300365,0.007565,Tagalog,Yoruba
0.0,0.000826563945992549,0.0023972647425939556,0.004611434080048996,8e-06,Kyrgyz,Yoruba
0.0,0.003951964508809056,0.011080230324052974,0.020145016675981238,0.002554,IsiNdebele,Yoruba
0.00550029506355742,0.026797301990604493,0.2132655567038278,0.09048785259835566,0.02999,Igbo,Yoruba
0.0,0.006700633670148998,0.015589550375824658,0.027677414612641168,0.007534,Emakhuwa,Yoruba
0.0,0.006602678711458235,0.015691473682333156,0.02729722208565075,0.004422,IsiXhosa,Yoruba
0.0019256552492902196,0.01094725479899644,0.025698945654137648,0.03846620806017351,0.027239,Tamil,Yoruba
0.023321816927215744,0.043281055938436064,0.15361316716310847,0.12380141549796791,0.115868,Yoruba,Yoruba
0.0,0.018196964087375048,0.038264455931044515,0.06835848505079686,0.016141,Indonesian,Yoruba
0.0,0.004898650860303346,0.01341034767643383,0.02559953057872672,5.8e-05,Burmese,Thai
0.0,0.00012053093878534947,0.001872462581933077,0.0012946193120929692,0.000494,Malay,Thai
0.0029945231108006775,0.014438019263118164,0.03936427638470804,0.05006684667982389,0.003659,Korean,Thai
0.0,0.0002265689902575334,0.0019629757532163366,0.001553226981118113,5.7e-05,Setswana,Thai
0.0,0.000726152342689614,0.004170979848291806,0.004196024215249325,0.000226,IsiZulu,Thai
0.0,0.004524427558404269,0.04183984773327507,0.019273686464383273,0.008703,Vietnamese,Thai
0.0,2.1308331557639037e-05,0.0036241062071193843,0.00014728527798032966,9e-06,Hindi,Thai
0.13431150783395815,0.13190943413288722,0.2786878804742818,0.23457553292605077,0.122452,Thai,Thai
0.0,0.00109317834737802,0.0063777496262251735,0.006463270688522154,0.000961,Swahili,Thai
0.0,0.00043402282046303383,0.002372268161402346,0.0027519720964482826,0.000155,Kinyarwanda,Thai
0.0,0.0012237338213569114,0.004259941926423789,0.006778345398989819,0.002181,Urdu,Thai
0.0,0.0001710095979136829,0.002244614831971922,0.0010874639167955578,5.8e-05,Uzbek,Thai
0.0,0.0003951696737536135,0.0030344035343893025,0.0027795863407337642,0.000371,Hausa,Thai
0.0,0.0016150466979216655,0.007040074461361251,0.007211423290486492,0.000203,Kazakh,Thai
0.0,0.0023721198326953487,0.009915765219504841,0.011555853002532594,0.001845,Turkish,Thai
0.0,3.166217365345299e-05,0.0004033532143804861,0.00016699457604778747,2.2e-05,Darija,Thai
0.0,0.0012532470491728568,0.007916861122124605,0.007606601914096591,0.000749,Tagalog,Thai
0.0,0.002607311035981647,0.012379418697885475,0.012290978059935627,0.000234,Kyrgyz,Thai
0.0,0.000165374677002584,0.001758530491710024,0.001200194716944119,0.000101,IsiNdebele,Thai
0.0,0.0035044734754536237,0.025240823842235475,0.01654800841742487,0.002651,Igbo,Thai
0.0,0.00016749555492565773,0.0015104259801912198,0.0011714793738416074,0.00015,Emakhuwa,Thai
0.0,0.00033378849946897286,0.0020291437341708814,0.0020045973488071267,0.000157,IsiXhosa,Thai
0.0,0.00018916464891041162,0.0013138770277869951,0.0014290948355700432,0.000397,Tamil,Thai
0.0,0.0003245186306977983,0.004103715139074535,0.001986735782378362,0.000345,Yoruba,Thai
0.0,0.0038340260857101906,0.013255500099590714,0.017621070889084905,0.003329,Indonesian,Thai
0.0,2.9230079700683983e-05,0.0001253959892287333,0.00022360198860769996,6.662361e-17,Burmese,Turkish
0.0,0.005434412497786737,0.014583625668377549,0.02342614131066805,0.001424,Malay,Turkish
0.027584817983167392,0.0667889698927976,0.17346385981498233,0.13223425230403046,0.034128,Korean,Turkish
0.0,0.010057091656806773,0.02343049303369638,0.04342083097191958,0.003647,Setswana,Turkish
0.0,0.011115850474712636,0.027068963131458117,0.04220390853159117,0.009417,IsiZulu,Turkish
0.002486704307625115,0.02184850330257179,0.14726746574069957,0.08586182900662273,0.021095,Vietnamese,Turkish
0.0026503572992578354,0.021355556674555617,0.05436597034675352,0.07080224887210682,0.013676,Hindi,Turkish
0.0,0.00015119027983946342,0.0014965022632968071,0.0005457653650525174,9.9e-05,Thai,Turkish
0.0,0.015208542268892691,0.03900126500444479,0.05717747816403816,0.011188,Swahili,Turkish
0.0,0.01047852970647897,0.02409353868924611,0.03972270803118648,0.009083,Kinyarwanda,Turkish
0.0,0.010829640858208955,0.027412922147247887,0.03959338430062095,0.015132,Urdu,Turkish
0.0,0.008477831431079894,0.019636022584455525,0.03339008201737699,0.005231,Uzbek,Turkish
0.0,0.01064602974746389,0.026887678072757666,0.04305837864713429,0.003619,Hausa,Turkish
0.0,0.004143169524686385,0.008397205615937575,0.02263611791191634,6e-05,Kazakh,Turkish
0.2476311795514874,0.21528381359898374,0.3183750462023935,0.3374962767605153,1.060651,Turkish,Turkish
0.0,9.672052925473609e-05,0.00024186003206912531,0.0003888618798052858,0.000285,Darija,Turkish
0.0,0.013091953913267595,0.0309392031005164,0.050619329312893896,0.008124,Tagalog,Turkish
0.0,0.003541183087879964,0.007262170512120881,0.01782157864980656,0.000219,Kyrgyz,Turkish
0.0,0.006239670411267335,0.01574393542473669,0.02888166392576268,0.001349,IsiNdebele,Turkish
0.001006669930528673,0.014221979974160207,0.04800297131464835,0.053774832108747714,0.009762,Igbo,Turkish
0.0,0.006790173504134912,0.01592023385898852,0.027033046902480838,0.005669,Emakhuwa,Turkish
0.0,0.00970830483779846,0.022142553680914775,0.03538602819679183,0.010261,IsiXhosa,Turkish
0.0012640693939759695,0.007367354580093827,0.021328836294921223,0.02765065264287725,0.009106,Tamil,Turkish
0.0,0.0063705860939206405,0.02042226298831885,0.02492988701537291,0.006143,Yoruba,Turkish
0.0017113587019673422,0.023419527008373978,0.054121954176388536,0.08130937322869142,0.0151,Indonesian,Turkish
0.0,1.9456629404273385e-05,0.0025423295352310538,0.00016866440244187026,6.11957e-35,Burmese,Vietnamese
0.0,0.006818055837844829,0.014008025303199173,0.02740554964122977,0.001834,Malay,Vietnamese
0.0,0.0024203771774829056,0.008105064818628485,0.01522515075463236,3e-06,Korean,Vietnamese
0.0,0.009017667509106658,0.019669762004407502,0.04286441325122401,0.00204,Setswana,Vietnamese
0.0,0.005130536433303026,0.012842408107249913,0.02772962326701809,0.001228,IsiZulu,Vietnamese
0.05338367071445348,0.0790872769527084,0.23180395897732772,0.21739568636637435,0.281011,Vietnamese,Vietnamese
0.0,0.002256849792699471,0.004050188387212837,0.007605677218712378,0.000941,Hindi,Vietnamese
0.0,1.0368281353682814e-05,0.0037296351983653405,8.331899361777733e-05,1e-06,Thai,Vietnamese
0.0012279043712544561,0.013995190656131914,0.03254390297457836,0.05737102418880239,0.011112,Swahili,Vietnamese
0.0,0.007263141925206705,0.016240986451881927,0.03466647152859202,0.002853,Kinyarwanda,Vietnamese
0.0,0.003933551083482598,0.009080586878468756,0.014177186676643624,0.008799,Urdu,Vietnamese
0.0,0.0036564892012634093,0.012286607258517889,0.019578148457258977,0.000441,Uzbek,Vietnamese
0.0,0.008098080138649872,0.017609291803713723,0.037005694390789504,0.001943,Hausa,Vietnamese
0.0,0.002936994475653248,0.009617024204202173,0.018520996806456816,8.021464e-09,Kazakh,Vietnamese
0.0,0.00653540131986585,0.014588490732491691,0.03439732527816015,0.000655,Turkish,Vietnamese
0.0,0.00012543718548470404,0.0002982674375664703,0.0006350149017406445,0.000194,Darija,Vietnamese
0.0,0.009359532183748303,0.021409261088921834,0.04349526117899251,0.003535,Tagalog,Vietnamese
0.0,0.0031202806254944106,0.011486379985126974,0.018695684721091684,2e-06,Kyrgyz,Vietnamese
0.0,0.005236672031062406,0.01305681284720073,0.030485590330948588,0.000261,IsiNdebele,Vietnamese
0.0008636641818427831,0.009810082012502302,0.04673735870843415,0.04201664785913374,0.00372,Igbo,Vietnamese
0.0,0.004502349051679137,0.009941644303041843,0.021151982890378358,0.001324,Emakhuwa,Vietnamese
0.0,0.0056445907287212774,0.01248028767388737,0.026900825580963118,0.001098,IsiXhosa,Vietnamese
0.0,0.0029775222883893842,0.005766947000282394,0.011491670983499912,0.003291,Tamil,Vietnamese
0.0,0.003116696053840614,0.02328553743441039,0.013537968188944104,0.002379,Yoruba,Vietnamese
0.007751136428098419,0.0317829601067774,0.06805542279503847,0.11431577173999796,0.051881,Indonesian,Vietnamese
0.0,3.445801952974522e-05,0.00035876285653736224,0.0002946882420249672,3.751046e-10,Burmese,Tamil
0.0,0.00445065418139423,0.009474912545158153,0.01789089688582212,0.001296,Malay,Tamil
0.0003239313327664658,0.003264348091934299,0.007708033434482662,0.015158741102671937,0.000706,Korean,Tamil
0.0,0.00799861832234108,0.01963719937897115,0.03833686938463864,0.00395,Setswana,Tamil
0.0,0.005804241041280132,0.015382485098237942,0.027274764431298594,0.00371,IsiZulu,Tamil
0.011799695838368034,0.044011469744871703,0.18731967350570897,0.1442450394863421,0.124585,Vietnamese,Tamil
0.014154629257642203,0.03882030843034877,0.09343564335499722,0.12739554902556965,0.050828,Hindi,Tamil
0.0,1.0359259105788754e-05,0.001822827528975118,6.820930813230877e-05,5.502665e-11,Thai,Tamil
0.0012330062426916973,0.016781287320347567,0.03777045107429661,0.06466441142347584,0.01449,Swahili,Tamil
0.0,0.009554181666405802,0.021838306108420146,0.038858747221664484,0.009081,Kinyarwanda,Tamil
0.004657703364313871,0.020556367987237437,0.05421454782305789,0.07626236318967838,0.053455,Urdu,Tamil
0.0,0.001342262913982141,0.004469529925864462,0.007099363159581878,0.000441,Uzbek,Tamil
0.0,0.003957629397528382,0.00942858469834455,0.017696972037758024,0.001364,Hausa,Tamil
0.0,0.002307853696062662,0.005400881945352193,0.01488789629422347,9.746758e-08,Kazakh,Tamil
0.0003498854753478003,0.005380855277921419,0.01260344267878892,0.02662668900526567,0.001264,Turkish,Tamil
0.0,0.00040529586598216696,0.0009765913676620516,0.0017292549856756153,0.000713,Darija,Tamil
0.0,0.0060099645966275326,0.013972609397617144,0.02761277824435921,0.003024,Tagalog,Tamil
0.0,0.0020168214893328115,0.004806216281993982,0.012251788942465903,3e-06,Kyrgyz,Tamil
0.0,0.004003616169443368,0.009749000385927926,0.021591215903617796,0.000486,IsiNdebele,Tamil
0.001973561184628271,0.014364913939446031,0.07228635038820144,0.05495350480765096,0.010408,Igbo,Tamil
0.0,0.003010733920935509,0.00703347158489954,0.013633942755663288,0.001611,Emakhuwa,Tamil
0.0,0.0035083923217211215,0.00849851116312224,0.017310685763009842,0.000923,IsiXhosa,Tamil
0.07436763552243784,0.08902969116976898,0.17757113987850184,0.20656170528673923,0.372802,Tamil,Tamil
0.0,0.0026697264382441153,0.012025702885914043,0.012039297126442763,0.003151,Yoruba,Tamil
0.005119803147982855,0.02944544567094691,0.06323505446444057,0.10350911504749305,0.05015,Indonesian,Tamil
0.0,8.854039389850438e-06,0.00044314231312211195,7.265108538815933e-05,3.16366e-40,Burmese,Urdu
0.0,0.0010694597574421169,0.0022043167064457582,0.004278233206434614,0.001831,Malay,Urdu
0.0008521621677417252,0.010990854937494757,0.026826344155646272,0.03918787689518803,0.000427,Korean,Urdu
0.0,0.004085705899618433,0.009549864760871312,0.021050296737698766,0.001126,Setswana,Urdu
0.0,0.008018678715497734,0.019691663213039376,0.03474395774825248,0.00492,IsiZulu,Urdu
0.004877620413218545,0.02257162707602726,0.12052395193936238,0.079349253615494,0.05998,Vietnamese,Urdu
0.005861397829184234,0.026748002381908574,0.06711778702087186,0.1086698320834433,0.035877,Hindi,Urdu
0.0,3.4594893793676053e-06,0.001354640730649969,3.268294277216721e-05,2.670949e-07,Thai,Urdu
0.001177783448900878,0.013925003907526606,0.03227932052215636,0.05782763661363555,0.014605,Swahili,Urdu
0.0,0.010044922209487677,0.022862375162113407,0.03999151016926225,0.012035,Kinyarwanda,Urdu
0.1259997657772765,0.120440156768164,0.11855231620360025,0.17850535922376543,0.422635,Urdu,Urdu
0.0,0.0021384600283258313,0.006225927117542336,0.010999507268726609,0.000277,Uzbek,Urdu
0.0,0.0044894833697679305,0.010227850345794237,0.020456125597913932,0.002053,Hausa,Urdu
0.0,0.00048368150724370637,0.0011975927213726712,0.0031868380314096566,2.171091e-10,Kazakh,Urdu
0.0,0.005800744428868371,0.013855035833011505,0.02769625683617247,0.001397,Turkish,Urdu
0.0,0.0004049250888585612,0.001023824529415039,0.001977181170399007,0.00048,Darija,Urdu
0.0,0.005504003393605175,0.01228383080485355,0.026049839433863756,0.002849,Tagalog,Urdu
0.0,0.002036000915411264,0.0075699539656615715,0.009958533583511214,9e-06,Kyrgyz,Urdu
0.0,0.0015435222672064777,0.0050025842164354946,0.008558358301055259,7.3e-05,IsiNdebele,Urdu
0.0022491713611280887,0.017064696792012363,0.09754693035275659,0.062104833547061214,0.017378,Igbo,Urdu
0.0,0.0021041557075223566,0.005691132415920588,0.010592211248950382,0.000325,Emakhuwa,Urdu
0.0,0.004167567066958911,0.010568672416208178,0.020030576900533576,0.003423,IsiXhosa,Urdu
0.0028853375689893417,0.013151798125245038,0.027798745492171036,0.04542828292518637,0.035375,Tamil,Urdu
0.0007593091910017393,0.006900250268144441,0.025135097375673744,0.026823427436253572,0.009067,Yoruba,Urdu
0.002589158998271598,0.018354430379746836,0.03956141473538431,0.07342303751765283,0.02465,Indonesian,Urdu
0.0,4.773843580594856e-05,0.0001321945815459709,0.0003912934633148937,6.842528e-22,Burmese,Tagalog
0.0,0.004198405929237375,0.011072342502782584,0.01802088818631529,0.002102,Malay,Tagalog
0.0002678944558969042,0.0030069668285615664,0.006711740593585255,0.014031392333266642,0.000316,Korean,Tagalog
0.0,0.007144417238564909,0.016196792365555837,0.03273513404260085,0.003666,Setswana,Tagalog
0.0,0.005766345443280808,0.01466623803532179,0.026561886236957113,0.003098,IsiZulu,Tagalog
0.0014106155213774822,0.0136415198044696,0.06681240699715747,0.0537052116503232,0.014744,Vietnamese,Tagalog
0.0,0.0025746277719754197,0.006064327679825138,0.008709338471993615,0.001835,Hindi,Tagalog
0.0,3.452609482246682e-06,0.0007676091707451535,2.9540352120997282e-05,1.5e-05,Thai,Tagalog
0.0,0.008191976305869682,0.019722594581837203,0.033668182085643844,0.004216,Swahili,Tagalog
0.0,0.006232969159854331,0.01455396206595283,0.026579673851040382,0.004334,Kinyarwanda,Tagalog
0.0,0.004198972191881391,0.014396122996592096,0.016382705903229985,0.003829,Urdu,Tagalog
0.0,0.0028190454712034504,0.007352315416071498,0.014432165078951707,0.001156,Uzbek,Tagalog
0.0,0.008005169884259799,0.018226400406295716,0.033264430533565766,0.005393,Hausa,Tagalog
0.0,0.0019610104971738377,0.00410109195135022,0.011883145652882022,7.226418e-07,Kazakh,Tagalog
0.0,0.005118650904166947,0.012820579508189546,0.023571721686154727,0.002088,Turkish,Tagalog
0.0,0.00011480561973508603,0.0002712211217745254,0.0004865757436277266,0.000253,Darija,Tagalog
0.08260357523986345,0.09485551774922553,0.20923376364579727,0.2135076335082331,0.183665,Tagalog,Tagalog
0.0,0.0013252828738218596,0.00284522840173907,0.00797026026507562,0.00015,Kyrgyz,Tagalog
0.0,0.003953261440688568,0.010311801207500568,0.019618763951309764,0.001176,IsiNdebele,Tagalog
0.0,0.010138302859821847,0.018084458464456134,0.04390436169478085,0.003537,Igbo,Tagalog
0.0,0.0035419382877009994,0.009568220467521803,0.016394323401432303,0.002212,Emakhuwa,Tagalog
0.0,0.007676075720970061,0.018560158949251573,0.032407018922368525,0.009239,IsiXhosa,Tagalog
0.0,0.002198009459420248,0.005138621051569679,0.008161870023321721,0.002757,Tamil,Tagalog
0.0,0.0025234824057198935,0.0058906071633544315,0.01066313905275832,0.002425,Yoruba,Tagalog
0.0013158454203765688,0.011038799277573643,0.02633613589994552,0.043310435932589625,0.009604,Indonesian,Tagalog
